candidate_id,rank,score,reasoning
CAND_0018499,1,0.7263,"Rank #1: Strong match for retrieval-focused AI engineering role. 7 years at Zomato, Google building semantic search, ranking, or retrieval systems with Deep Learning, Weaviate, Recommendation Systems. Behavioral signals: actively looking and open to work; immediate availability (notice period 15 days); strong open-source activity (github score 94.8); willing to relocate; high recruiter search visibility (1291 appearances in 30d). JD fit: meets the 5-9 year experience requirement (7 yrs); demonstrates retrieval/ranking expertise required by the JD."
CAND_0008425,2,0.702,"Rank #2: Strong match for retrieval-focused AI engineering role. 8 years at Ola, Zomato building semantic search, ranking, or retrieval systems with Learning to Rank, Qdrant, Weights & Biases. Located in Kolkata, West Bengal, outside preferred cities. Behavioral signals: actively looking and open to work; high recruiter search visibility (1136 appearances in 30d). JD fit: meets the 5-9 year experience requirement (8 yrs); demonstrates retrieval/ranking expertise required by the JD; has the required expert-level Python."
CAND_0071974,3,0.6994,"Rank #3: Strong match for retrieval-focused AI engineering role. 8 years at Netflix, Meta building semantic search, ranking, or retrieval systems with LoRA, Learning to Rank, Weaviate. Located in Vizag, Andhra Pradesh, outside preferred cities. Behavioral signals: actively looking and open to work; strong open-source activity (github score 82.8); high recruiter search visibility (132 appearances in 30d). JD fit: meets the 5-9 year experience requirement (8 yrs); demonstrates retrieval/ranking expertise required by the JD."
CAND_0081846,4,0.699,"Rank #4: Strong match for retrieval-focused AI engineering role. 7 years at Razorpay, Paytm building semantic search, ranking, or retrieval systems with Data Science, Information Retrieval, LlamaIndex. Located in Jaipur, Rajasthan, outside preferred cities. Behavioral signals: actively looking and open to work; willing to relocate; high recruiter search visibility (347 appearances in 30d). JD fit: meets the 5-9 year experience requirement (7 yrs); demonstrates retrieval/ranking expertise required by the JD; has the required expert-level Python."
CAND_0046064,5,0.6969,"Rank #5: Strong match for retrieval-focused AI engineering role. 9 years at Salesforce, Verloop.io building semantic search, ranking, or retrieval systems with Python, Image Classification, OpenCV. Located in Coimbatore, Tamil Nadu, outside preferred cities. Behavioral signals: actively looking and open to work; high recruiter search visibility (802 appearances in 30d). JD fit: meets the 5-9 year experience requirement (9 yrs); demonstrates retrieval/ranking expertise required by the JD; has the required expert-level Python."
CAND_0011687,6,0.6905,"Rank #6: Strong match for retrieval-focused AI engineering role. 8 years at Niramai, Krutrim building semantic search, ranking, or retrieval systems with TensorFlow, OpenSearch, FAISS. Located in Indore, Madhya Pradesh, outside preferred cities. Behavioral signals: actively looking and open to work; high recruiter engagement (response rate 0.89); immediate availability (notice period 15 days); strong open-source activity (github score 76.3); high recruiter search visibility (403 appearances in 30d). JD fit: meets the 5-9 year experience requirement (8 yrs); demonstrates retrieval/ranking expertise required by the JD."
CAND_0002025,7,0.6899,"Rank #7: Strong match for retrieval-focused AI engineering role. 6 years at Apple, Aganitha building semantic search, ranking, or retrieval systems with Diffusion Models, FAISS, TensorFlow. Located in Trivandrum, Kerala, outside preferred cities. Behavioral signals: actively looking and open to work; strong open-source activity (github score 96.9); high recruiter search visibility (949 appearances in 30d). JD fit: meets the 5-9 year experience requirement (6 yrs); demonstrates retrieval/ranking expertise required by the JD; has the required expert-level Python."
CAND_0020877,8,0.6826,"Rank #8: Strong match for retrieval-focused AI engineering role. 5 years at CRED, BYJU'S building semantic search, ranking, or retrieval systems with QLoRA, Kubeflow, YOLO. Behavioral signals: strong open-source activity (github score 74.4); willing to relocate; high recruiter search visibility (781 appearances in 30d). JD fit: meets the 5-9 year experience requirement (5 yrs); demonstrates retrieval/ranking expertise required by the JD."
CAND_0086022,9,0.6816,"Rank #9: Strong match for retrieval-focused AI engineering role. 5 years at Sarvam AI, Uber building semantic search, ranking, or retrieval systems with Vector Search, MLflow, Recommendation Systems. Located in Kolkata, West Bengal, outside preferred cities. Behavioral signals: actively looking and open to work; immediate availability (notice period 0 days); strong open-source activity (github score 75.2); willing to relocate; high recruiter search visibility (723 appearances in 30d). JD fit: meets the 5-9 year experience requirement (5 yrs); demonstrates retrieval/ranking expertise required by the JD."
CAND_0046525,10,0.6805,"Rank #10: Strong match for retrieval-focused AI engineering role. 6 years at Genpact AI, LinkedIn building semantic search, ranking, or retrieval systems with Elasticsearch, Redux, LangChain. Behavioral signals: actively looking and open to work; high recruiter engagement (response rate 0.88); willing to relocate; high recruiter search visibility (663 appearances in 30d). JD fit: meets the 5-9 year experience requirement (6 yrs); demonstrates retrieval/ranking expertise required by the JD."
CAND_0088025,11,0.6805,"Rank #11: Strong match for retrieval-focused AI engineering role. 9 years at Yellow.ai, Niramai building semantic search, ranking, or retrieval systems with Pinecone, QLoRA, LLMs. Located in Jaipur, Rajasthan, outside preferred cities. Behavioral signals: actively looking and open to work; high recruiter engagement (response rate 0.83); strong open-source activity (github score 74.6); high offer acceptance rate (0.82); high recruiter search visibility (1398 appearances in 30d). JD fit: meets the 5-9 year experience requirement (9 yrs); demonstrates retrieval/ranking expertise required by the JD; has the required expert-level Python."
CAND_0007411,12,0.6779,"Rank #12: Strong match for retrieval-focused AI engineering role. 8 years at Amazon, Yellow.ai building semantic search, ranking, or retrieval systems with OpenSearch, Prompt Engineering, Fine-tuning LLMs. Located in Kochi, Kerala, outside preferred cities. Behavioral signals: immediate availability (notice period 15 days); strong open-source activity (github score 89.5); willing to relocate; high recruiter search visibility (1490 appearances in 30d). JD fit: meets the 5-9 year experience requirement (8 yrs); demonstrates retrieval/ranking expertise required by the JD."
CAND_0006418,13,0.6748,"Rank #13: Strong match for retrieval-focused AI engineering role. 6 years at Verloop.io, Flipkart building semantic search, ranking, or retrieval systems with Kubernetes, gRPC, Semantic Search. Behavioral signals: actively looking and open to work; high recruiter engagement (response rate 0.92); willing to relocate; high recruiter search visibility (372 appearances in 30d). JD fit: meets the 5-9 year experience requirement (6 yrs); demonstrates retrieval/ranking expertise required by the JD."
CAND_0094759,14,0.6743,"Rank #14: Strong match for retrieval-focused AI engineering role. 9 years at Meta, Apple building semantic search, ranking, or retrieval systems with Prompt Engineering, scikit-learn, Hugging Face Transformers. Behavioral signals: strong open-source activity (github score 76.2); willing to relocate; high recruiter search visibility (146 appearances in 30d). JD fit: meets the 5-9 year experience requirement (9 yrs); demonstrates retrieval/ranking expertise required by the JD."
CAND_0080766,15,0.6733,"Rank #15: Strong match for retrieval-focused AI engineering role. 9 years at Aganitha, Swiggy building semantic search, ranking, or retrieval systems with Search Backend, LoRA, Vue.js. Located in Coimbatore, Tamil Nadu, outside preferred cities. Behavioral signals: immediate availability (notice period 0 days); willing to relocate; high recruiter search visibility (1105 appearances in 30d). JD fit: meets the 5-9 year experience requirement (9 yrs); demonstrates retrieval/ranking expertise required by the JD; has the required expert-level Python."
CAND_0077337,16,0.6731,"Rank #16: Strong match for retrieval-focused AI engineering role. 7 years at Razorpay, Glance building semantic search, ranking, or retrieval systems with GANs, Semantic Search, QLoRA. Located in Kochi, Kerala, outside preferred cities. Behavioral signals: actively looking and open to work; high recruiter engagement (response rate 0.95); willing to relocate; high recruiter search visibility (240 appearances in 30d). JD fit: meets the 5-9 year experience requirement (7 yrs); demonstrates retrieval/ranking expertise required by the JD; has the required expert-level Python."
CAND_0039383,17,0.6657,"Rank #17: Strong match for retrieval-focused AI engineering role. 7 years at Meesho, Swiggy building semantic search, ranking, or retrieval systems with GANs, FAISS, ASR. Behavioral signals: actively looking and open to work; strong open-source activity (github score 86.4); willing to relocate; high recruiter search visibility (388 appearances in 30d). JD fit: meets the 5-9 year experience requirement (7 yrs); demonstrates retrieval/ranking expertise required by the JD."
CAND_0066999,18,0.6654,"Rank #18: Strong match for retrieval-focused AI engineering role. 6 years at Microsoft, Amazon building semantic search, ranking, or retrieval systems with Image Classification, OpenSearch, JavaScript. Behavioral signals: actively looking and open to work; immediate availability (notice period 15 days); strong open-source activity (github score 94.4); willing to relocate; high recruiter search visibility (619 appearances in 30d). JD fit: meets the 5-9 year experience requirement (6 yrs); demonstrates retrieval/ranking expertise required by the JD."
CAND_0041669,19,0.6645,"Rank #19: Strong match for retrieval-focused AI engineering role. 8 years at CRED, Mad Street Den building semantic search, ranking, or retrieval systems with FAISS, Milvus, PEFT. Behavioral signals: actively looking and open to work; strong open-source activity (github score 70.9); high offer acceptance rate (0.82); high recruiter search visibility (326 appearances in 30d). JD fit: meets the 5-9 year experience requirement (8 yrs); demonstrates retrieval/ranking expertise required by the JD."
CAND_0061265,20,0.6591,"Rank #20: Strong match for retrieval-focused AI engineering role. 7 years at Zoho, Observe.AI building semantic search, ranking, or retrieval systems with Qdrant, SQL, Accounting. Behavioral signals: actively looking and open to work; high recruiter engagement (response rate 0.94); strong open-source activity (github score 79.8); high recruiter search visibility (461 appearances in 30d). JD fit: meets the 5-9 year experience requirement (7 yrs); demonstrates retrieval/ranking expertise required by the JD."
CAND_0042029,21,0.6572,"Rank #21: Strong match for retrieval-focused AI engineering role. 6 years at Flipkart, Observe.AI building semantic search, ranking, or retrieval systems with YOLO, PyTorch, NLP. Behavioral signals: strong open-source activity (github score 78.7); high offer acceptance rate (0.83); willing to relocate; high recruiter search visibility (209 appearances in 30d). JD fit: meets the 5-9 year experience requirement (6 yrs); demonstrates retrieval/ranking expertise required by the JD."
CAND_0093193,22,0.6572,"Rank #22: Strong match for retrieval-focused AI engineering role. 8 years at Niramai, Netflix building semantic search, ranking, or retrieval systems with Ranking Systems, Text Encoders, Indexing Algorithms. Behavioral signals: actively looking and open to work; high recruiter search visibility (777 appearances in 30d). JD fit: meets the 5-9 year experience requirement (8 yrs); demonstrates retrieval/ranking expertise required by the JD."
CAND_0068351,23,0.6567,"Rank #23: Strong match for retrieval-focused AI engineering role. 6 years at Sarvam AI, Verloop.io building semantic search, ranking, or retrieval systems with pgvector, Deep Learning, Qdrant. Behavioral signals: high recruiter engagement (response rate 0.86); immediate availability (notice period 0 days); high recruiter search visibility (1347 appearances in 30d). JD fit: meets the 5-9 year experience requirement (6 yrs); demonstrates retrieval/ranking expertise required by the JD; has the required expert-level Python."
CAND_0055905,24,0.6531,"Rank #24: Strong match for retrieval-focused AI engineering role. 8 years at Flipkart, Uber building semantic search, ranking, or retrieval systems with Elasticsearch, ASR, Hugging Face Transformers. Located in London, outside preferred cities. Behavioral signals: actively looking and open to work; high recruiter engagement (response rate 0.87); high offer acceptance rate (0.93); high recruiter search visibility (392 appearances in 30d). JD fit: meets the 5-9 year experience requirement (8 yrs); demonstrates retrieval/ranking expertise required by the JD; has the required expert-level Python."
CAND_0061257,25,0.6514,"Rank #25: Strong match for retrieval-focused AI engineering role. 8 years at LinkedIn, Yellow.ai building semantic search, ranking, or retrieval systems with PEFT, Haystack, Time Series. Behavioral signals: actively looking and open to work; high recruiter engagement (response rate 0.87). JD fit: meets the 5-9 year experience requirement (8 yrs); demonstrates retrieval/ranking expertise required by the JD; has the required expert-level Python."
CAND_0027691,26,0.651,"Rank #26: Strong match for retrieval-focused AI engineering role. 6 years at Haptik, Vedantu building semantic search, ranking, or retrieval systems with SAP, LoRA, PEFT. Behavioral signals: actively looking and open to work; immediate availability (notice period 15 days). JD fit: meets the 5-9 year experience requirement (6 yrs); demonstrates retrieval/ranking expertise required by the JD; has the required expert-level Python."
CAND_0074735,27,0.6501,"Rank #27: Strong match for retrieval-focused AI engineering role. 6 years at Rephrase.ai, Netflix building semantic search, ranking, or retrieval systems with YOLO, RAG, Prompt Engineering. Located in Chandigarh, Chandigarh, outside preferred cities. Behavioral signals: actively looking and open to work; strong open-source activity (github score 87.7); high recruiter search visibility (391 appearances in 30d). JD fit: meets the 5-9 year experience requirement (6 yrs); demonstrates retrieval/ranking expertise required by the JD."
CAND_0017960,28,0.6471,"Rank #28: Strong match for retrieval-focused AI engineering role. 8 years at Nykaa, Wysa building semantic search, ranking, or retrieval systems with LlamaIndex, QLoRA, Hugging Face Transformers. Behavioral signals: actively looking and open to work; strong open-source activity (github score 92.4); willing to relocate; high recruiter search visibility (899 appearances in 30d). JD fit: meets the 5-9 year experience requirement (8 yrs); demonstrates retrieval/ranking expertise required by the JD; has the required expert-level Python."
CAND_0027801,29,0.6433,"Rank #29: Strong match for retrieval-focused AI engineering role. 7 years at InMobi, Zoho building semantic search, ranking, or retrieval systems with Time Series, FAISS, Milvus. Behavioral signals: actively looking and open to work; high recruiter search visibility (521 appearances in 30d). JD fit: meets the 5-9 year experience requirement (7 yrs); demonstrates retrieval/ranking expertise required by the JD."
CAND_0052328,30,0.6428,"Rank #30: Strong match for retrieval-focused AI engineering role. 6 years at Amazon, Observe.AI building semantic search, ranking, or retrieval systems with Object Detection, LoRA, OpenSearch. Behavioral signals: actively looking and open to work; strong open-source activity (github score 77.6); high recruiter search visibility (627 appearances in 30d). JD fit: meets the 5-9 year experience requirement (6 yrs); demonstrates retrieval/ranking expertise required by the JD; has the required expert-level Python."
CAND_0007009,31,0.6426,"Rank #31: Strong match for retrieval-focused AI engineering role. 8 years at Wysa, PolicyBazaar building semantic search, ranking, or retrieval systems with Statistical Modeling, ETL, Weaviate. Behavioral signals: actively looking and open to work; high recruiter search visibility (615 appearances in 30d). JD fit: meets the 5-9 year experience requirement (8 yrs); demonstrates retrieval/ranking expertise required by the JD; has the required expert-level Python."
CAND_0091909,32,0.6418,"Rank #32: Strong match for retrieval-focused AI engineering role. 7 years at Rephrase.ai, Meta building semantic search, ranking, or retrieval systems with LLMs, Image Classification, Pinecone. Behavioral signals: actively looking and open to work; willing to relocate; high recruiter search visibility (495 appearances in 30d). JD fit: meets the 5-9 year experience requirement (7 yrs); demonstrates retrieval/ranking expertise required by the JD."
CAND_0005260,33,0.6381,"Rank #33: Strong match for retrieval-focused AI engineering role. 5 years at Netflix, Yellow.ai building semantic search, ranking, or retrieval systems with Statistical Modeling, MLOps, Snowflake. Located in Chennai, Tamil Nadu, outside preferred cities. Behavioral signals: high recruiter engagement (response rate 0.86); high offer acceptance rate (0.93); willing to relocate; high recruiter search visibility (1154 appearances in 30d). JD fit: meets the 5-9 year experience requirement (5 yrs); demonstrates retrieval/ranking expertise required by the JD; has the required expert-level Python."
CAND_0053591,34,0.6369,"Rank #34: Strong match for retrieval-focused AI engineering role. 5 years at Ola, Swiggy building semantic search, ranking, or retrieval systems with LangChain, Reinforcement Learning, Embeddings. Located in Toronto, outside preferred cities. Behavioral signals: actively looking and open to work; high recruiter engagement (response rate 0.81); strong open-source activity (github score 75.8); high recruiter search visibility (605 appearances in 30d). JD fit: meets the 5-9 year experience requirement (5 yrs); demonstrates retrieval/ranking expertise required by the JD."
CAND_0070398,35,0.6364,"Rank #35: Strong match for retrieval-focused AI engineering role. 7 years at Genpact AI, Uber building semantic search, ranking, or retrieval systems with Image Classification, Data Science, BM25. Located in Kochi, Kerala, outside preferred cities. Behavioral signals: actively looking and open to work; willing to relocate. JD fit: meets the 5-9 year experience requirement (7 yrs); demonstrates retrieval/ranking expertise required by the JD; has the required expert-level Python."
CAND_0075249,36,0.6343,"Rank #36: Strong match for retrieval-focused AI engineering role. 6 years at Zomato, upGrad building semantic search, ranking, or retrieval systems with Sentence Transformers, Milvus, Machine Learning. Located in Ahmedabad, Gujarat, outside preferred cities. Behavioral signals: actively looking and open to work; high recruiter engagement (response rate 0.82); high recruiter search visibility (850 appearances in 30d). JD fit: meets the 5-9 year experience requirement (6 yrs); demonstrates retrieval/ranking expertise required by the JD."
CAND_0060072,37,0.634,"Rank #37: Strong match for retrieval-focused AI engineering role. 6 years at Amazon, Wysa building semantic search, ranking, or retrieval systems with Deep Learning, Sentence Transformers, PyTorch. Located in Indore, Madhya Pradesh, outside preferred cities. Behavioral signals: strong open-source activity (github score 82.4); willing to relocate; high recruiter search visibility (1155 appearances in 30d). JD fit: meets the 5-9 year experience requirement (6 yrs); demonstrates retrieval/ranking expertise required by the JD."
CAND_0079387,38,0.6338,"Rank #38: Strong match for retrieval-focused AI engineering role. 7 years at upGrad, Ola building semantic search, ranking, or retrieval systems with scikit-learn, Recommendation Systems, Python. Located in Trivandrum, Kerala, outside preferred cities. Behavioral signals: actively looking and open to work; high recruiter engagement (response rate 0.81); high recruiter search visibility (189 appearances in 30d). JD fit: meets the 5-9 year experience requirement (7 yrs); demonstrates retrieval/ranking expertise required by the JD; has the required expert-level Python."
CAND_0030827,39,0.6317,"Rank #39: Strong match for retrieval-focused AI engineering role. 5 years at Freshworks, Glance building semantic search, ranking, or retrieval systems with Hugging Face Transformers, NLP, Recommendation Systems. Located in Singapore, outside preferred cities. Behavioral signals: actively looking and open to work; high recruiter search visibility (990 appearances in 30d). JD fit: meets the 5-9 year experience requirement (5 yrs); demonstrates retrieval/ranking expertise required by the JD."
CAND_0041611,40,0.6317,"Rank #40: Strong match for retrieval-focused AI engineering role. 6 years at Locobuzz, Genpact AI building semantic search, ranking, or retrieval systems with LlamaIndex, Prompt Engineering, PyTorch. Located in Austin, outside preferred cities. Behavioral signals: willing to relocate; high recruiter search visibility (1004 appearances in 30d). JD fit: meets the 5-9 year experience requirement (6 yrs); demonstrates retrieval/ranking expertise required by the JD."
CAND_0081053,41,0.6299,"Rank #41: Strong match for retrieval-focused AI engineering role. 5 years at Glance, Salesforce building semantic search, ranking, or retrieval systems with LoRA, QLoRA, Qdrant. Located in Chandigarh, Chandigarh, outside preferred cities. Behavioral signals: actively looking and open to work; high recruiter engagement (response rate 0.83); strong open-source activity (github score 77.7); willing to relocate; high recruiter search visibility (185 appearances in 30d). JD fit: meets the 5-9 year experience requirement (5 yrs); demonstrates retrieval/ranking expertise required by the JD."
CAND_0068811,42,0.6297,"Rank #42: Strong match for retrieval-focused AI engineering role. 8 years at Yellow.ai, Meesho building semantic search, ranking, or retrieval systems with Data Science, Vector Search, Speech Recognition. Behavioral signals: actively looking and open to work; willing to relocate; high recruiter search visibility (478 appearances in 30d). JD fit: meets the 5-9 year experience requirement (8 yrs); demonstrates retrieval/ranking expertise required by the JD."
CAND_0089552,43,0.6296,"Rank #43: Strong match for retrieval-focused AI engineering role. 6 years at Netflix, Mad Street Den building semantic search, ranking, or retrieval systems with Weaviate, Image Classification, TensorFlow. Located in Kolkata, West Bengal, outside preferred cities. Behavioral signals: high offer acceptance rate (0.84); willing to relocate; high recruiter search visibility (383 appearances in 30d). JD fit: meets the 5-9 year experience requirement (6 yrs); demonstrates retrieval/ranking expertise required by the JD."
CAND_0006557,44,0.6285,"Rank #44: Strong match for retrieval-focused AI engineering role. 8 years at Paytm, Apple building semantic search, ranking, or retrieval systems with Kubeflow, Data Science, Elasticsearch. Located in Jaipur, Rajasthan, outside preferred cities. Behavioral signals: actively looking and open to work; high offer acceptance rate (0.88); willing to relocate; high recruiter search visibility (482 appearances in 30d). JD fit: meets the 5-9 year experience requirement (8 yrs); demonstrates retrieval/ranking expertise required by the JD."
CAND_0037980,45,0.6277,"Rank #45: Strong match for retrieval-focused AI engineering role. 9 years at Niramai, Verloop.io building semantic search, ranking, or retrieval systems with LoRA, Search Infrastructure, PyTorch. Located in Kolkata, West Bengal, outside preferred cities. Behavioral signals: actively looking and open to work; immediate availability (notice period 0 days); high offer acceptance rate (0.83); willing to relocate; high recruiter search visibility (748 appearances in 30d). JD fit: meets the 5-9 year experience requirement (9 yrs); demonstrates retrieval/ranking expertise required by the JD."
CAND_0096172,46,0.6274,"Rank #46: Strong match for retrieval-focused AI engineering role. 5 years at Krutrim, Dream11 building semantic search, ranking, or retrieval systems with OpenSearch, Haystack, Forecasting. Located in Chennai, Tamil Nadu, outside preferred cities. Behavioral signals: high recruiter search visibility (712 appearances in 30d). JD fit: meets the 5-9 year experience requirement (5 yrs); demonstrates retrieval/ranking expertise required by the JD; has the required expert-level Python."
CAND_0081852,47,0.6271,"Rank #47: Strong match for retrieval-focused AI engineering role. 6 years at Mad Street Den, Nykaa building semantic search, ranking, or retrieval systems with Salesforce CRM, Semantic Search, TTS. Behavioral signals: actively looking and open to work; strong open-source activity (github score 87.9); willing to relocate; high recruiter search visibility (438 appearances in 30d). JD fit: meets the 5-9 year experience requirement (6 yrs); demonstrates retrieval/ranking expertise required by the JD."
CAND_0015578,48,0.6252,"Rank #48: Strong match for retrieval-focused AI engineering role. 5 years at Zoho, Glance building semantic search, ranking, or retrieval systems with Diffusion Models, Embeddings, NLP. Behavioral signals: actively looking and open to work; willing to relocate; high recruiter search visibility (692 appearances in 30d). JD fit: meets the 5-9 year experience requirement (5 yrs); demonstrates retrieval/ranking expertise required by the JD."
CAND_0050454,49,0.6251,"Rank #49: Strong match for retrieval-focused AI engineering role. 7 years at Rephrase.ai, Uber building semantic search, ranking, or retrieval systems with PyTorch, LangChain, QLoRA. Behavioral signals: actively looking and open to work; willing to relocate; high recruiter search visibility (248 appearances in 30d). JD fit: meets the 5-9 year experience requirement (7 yrs); demonstrates retrieval/ranking expertise required by the JD."
CAND_0093912,50,0.6243,"Rank #50: Strong match for retrieval-focused AI engineering role. 5 years at Razorpay, Flipkart building semantic search, ranking, or retrieval systems with Feature Engineering, SAP, CNN. Located in Chandigarh, Chandigarh, outside preferred cities. Behavioral signals: actively looking and open to work; strong open-source activity (github score 81.5); high recruiter search visibility (773 appearances in 30d). JD fit: meets the 5-9 year experience requirement (5 yrs); demonstrates retrieval/ranking expertise required by the JD."
CAND_0078492,51,0.6242,"Rank #51: Strong match for retrieval-focused AI engineering role. 5 years at Verloop.io, Adobe building semantic search, ranking, or retrieval systems with Machine Learning, Haystack, FAISS. Located in Kochi, Kerala, outside preferred cities. Behavioral signals: actively looking and open to work; willing to relocate; high recruiter search visibility (1014 appearances in 30d). JD fit: meets the 5-9 year experience requirement (5 yrs); demonstrates retrieval/ranking expertise required by the JD."
CAND_0079064,52,0.6239,"Rank #52: Strong match for retrieval-focused AI engineering role. 5 years at Niramai, Razorpay building semantic search, ranking, or retrieval systems with Illustrator, LlamaIndex, OpenSearch. Behavioral signals: actively looking and open to work; high recruiter engagement (response rate 0.91); high recruiter search visibility (386 appearances in 30d). JD fit: meets the 5-9 year experience requirement (5 yrs); demonstrates retrieval/ranking expertise required by the JD."
CAND_0018549,53,0.6234,"Rank #53: Strong match for retrieval-focused AI engineering role. 7 years at Uber, Flipkart building semantic search, ranking, or retrieval systems with Computer Vision, Weaviate, Kubernetes. Located in Coimbatore, Tamil Nadu, outside preferred cities. Behavioral signals: actively looking and open to work; high offer acceptance rate (0.89); willing to relocate; high recruiter search visibility (631 appearances in 30d). JD fit: meets the 5-9 year experience requirement (7 yrs); demonstrates retrieval/ranking expertise required by the JD."
CAND_0042100,54,0.6232,"Rank #54: Strong match for retrieval-focused AI engineering role. 7 years at Freshworks, Netflix building semantic search, ranking, or retrieval systems with Elasticsearch, Statistical Modeling, Learning to Rank. Located in Singapore, outside preferred cities. Behavioral signals: actively looking and open to work; high recruiter engagement (response rate 0.87); willing to relocate; high recruiter search visibility (462 appearances in 30d). JD fit: meets the 5-9 year experience requirement (7 yrs); demonstrates retrieval/ranking expertise required by the JD."
CAND_0047721,55,0.6229,"Rank #55: Strong match for retrieval-focused AI engineering role. 7 years at Microsoft, Observe.AI building semantic search, ranking, or retrieval systems with Learning to Rank, MLOps, Milvus. Located in Coimbatore, Tamil Nadu, outside preferred cities. Behavioral signals: strong open-source activity (github score 90.1); willing to relocate; high recruiter search visibility (219 appearances in 30d). JD fit: meets the 5-9 year experience requirement (7 yrs); demonstrates retrieval/ranking expertise required by the JD."
CAND_0041568,56,0.6225,"Rank #56: Strong match for retrieval-focused AI engineering role. 5 years at Haptik, Salesforce building semantic search, ranking, or retrieval systems with PEFT, Weaviate, Angular. Located in Sydney, outside preferred cities. Behavioral signals: actively looking and open to work; high recruiter search visibility (718 appearances in 30d). JD fit: meets the 5-9 year experience requirement (5 yrs); demonstrates retrieval/ranking expertise required by the JD."
CAND_0065195,57,0.6215,"Rank #57: Strong match for retrieval-focused AI engineering role. 5 years at CRED, Google building semantic search, ranking, or retrieval systems with LLMs, BentoML, QLoRA. Located in Kolkata, West Bengal, outside preferred cities. Behavioral signals: actively looking and open to work; strong open-source activity (github score 87.3); high recruiter search visibility (1027 appearances in 30d). JD fit: meets the 5-9 year experience requirement (5 yrs); demonstrates retrieval/ranking expertise required by the JD."
CAND_0037566,58,0.6198,"Rank #58: Strong match for retrieval-focused AI engineering role. 7 years at LinkedIn, Paytm building semantic search, ranking, or retrieval systems with Pinecone, Time Series, LlamaIndex. Behavioral signals: actively looking and open to work; immediate availability (notice period 15 days); strong open-source activity (github score 73.4); willing to relocate; high recruiter search visibility (708 appearances in 30d). JD fit: meets the 5-9 year experience requirement (7 yrs); demonstrates retrieval/ranking expertise required by the JD."
CAND_0032515,59,0.6196,"Rank #59: Strong match for retrieval-focused AI engineering role. 5 years at PharmEasy, Razorpay building semantic search, ranking, or retrieval systems with MLflow, Milvus, Vector Search. Located in Seattle, outside preferred cities. Behavioral signals: high recruiter search visibility (303 appearances in 30d). JD fit: meets the 5-9 year experience requirement (5 yrs); demonstrates retrieval/ranking expertise required by the JD."
CAND_0042506,60,0.6191,"Rank #60: Strong match for retrieval-focused AI engineering role. 4 years at Verloop.io, Meesho building semantic search, ranking, or retrieval systems with PEFT, TTS, scikit-learn. Behavioral signals: actively looking and open to work; immediate availability (notice period 15 days). JD fit: demonstrates retrieval/ranking expertise required by the JD."
CAND_0083879,61,0.6189,"Rank #61: Strong match for retrieval-focused AI engineering role. 7 years at Ola, PhonePe building semantic search, ranking, or retrieval systems with MLOps, Fine-tuning LLMs, Milvus. Behavioral signals: actively looking and open to work; high offer acceptance rate (0.85); high recruiter search visibility (574 appearances in 30d). JD fit: meets the 5-9 year experience requirement (7 yrs); demonstrates retrieval/ranking expertise required by the JD."
CAND_0057563,62,0.6182,"Rank #62: Strong match for retrieval-focused AI engineering role. 7 years at Locobuzz, Yellow.ai building semantic search, ranking, or retrieval systems with Deep Learning, Speech Recognition, RAG. Located in Indore, Madhya Pradesh, outside preferred cities. Behavioral signals: high recruiter engagement (response rate 0.83); willing to relocate; high recruiter search visibility (680 appearances in 30d). JD fit: meets the 5-9 year experience requirement (7 yrs); demonstrates retrieval/ranking expertise required by the JD."
CAND_0083307,63,0.618,"Rank #63: Strong match for retrieval-focused AI engineering role. 8 years at Netflix, Ola building semantic search, ranking, or retrieval systems with OpenCV, scikit-learn, Embeddings. Located in Vizag, Andhra Pradesh, outside preferred cities. Behavioral signals: actively looking and open to work; high recruiter search visibility (233 appearances in 30d). JD fit: meets the 5-9 year experience requirement (8 yrs); demonstrates retrieval/ranking expertise required by the JD; has the required expert-level Python."
CAND_0016163,64,0.6174,"Rank #64: Strong match for retrieval-focused AI engineering role. 7 years at Dream11, Verloop.io building semantic search, ranking, or retrieval systems with Hugging Face Transformers, Computer Vision, gRPC. Behavioral signals: actively looking and open to work; strong open-source activity (github score 95.0); high offer acceptance rate (0.85); high recruiter search visibility (1020 appearances in 30d). JD fit: meets the 5-9 year experience requirement (7 yrs); demonstrates retrieval/ranking expertise required by the JD."
CAND_0008239,65,0.6173,"Rank #65: Strong match for retrieval-focused AI engineering role. 4 years at Apple building semantic search, ranking, or retrieval systems with Milvus, Computer Vision, Feature Engineering. Located in Jaipur, Rajasthan, outside preferred cities. Behavioral signals: actively looking and open to work; immediate availability (notice period 15 days); willing to relocate; high recruiter search visibility (763 appearances in 30d). JD fit: demonstrates retrieval/ranking expertise required by the JD; has the required expert-level Python."
CAND_0051630,66,0.6166,"Rank #66: Strong match for retrieval-focused AI engineering role. 6 years at Razorpay, InMobi building semantic search, ranking, or retrieval systems with Elasticsearch, Hugging Face Transformers, BentoML. Located in Kolkata, West Bengal, outside preferred cities. Behavioral signals: high recruiter search visibility (107 appearances in 30d). JD fit: meets the 5-9 year experience requirement (6 yrs); demonstrates retrieval/ranking expertise required by the JD; has the required expert-level Python."
CAND_0070485,67,0.6166,"Rank #67: Strong match for retrieval-focused AI engineering role. 6 years at Saarthi.ai, Dream11 building semantic search, ranking, or retrieval systems with Kubernetes, Haystack, PEFT. Located in Coimbatore, Tamil Nadu, outside preferred cities. Behavioral signals: actively looking and open to work; high recruiter search visibility (855 appearances in 30d). JD fit: meets the 5-9 year experience requirement (6 yrs); demonstrates retrieval/ranking expertise required by the JD."
CAND_0011162,68,0.6164,"Rank #68: Strong match for retrieval-focused AI engineering role. 6 years at upGrad, Meesho building semantic search, ranking, or retrieval systems with Weights & Biases, FAISS, Vector Search. Located in Coimbatore, Tamil Nadu, outside preferred cities. Behavioral signals: actively looking and open to work; willing to relocate; high recruiter search visibility (216 appearances in 30d). JD fit: meets the 5-9 year experience requirement (6 yrs); demonstrates retrieval/ranking expertise required by the JD; has the required expert-level Python."
CAND_0010257,69,0.6163,"Rank #69: Strong match for retrieval-focused AI engineering role. 6 years at Google, PharmEasy building semantic search, ranking, or retrieval systems with Milvus, TensorFlow, MLflow. Behavioral signals: actively looking and open to work; willing to relocate; high recruiter search visibility (890 appearances in 30d). JD fit: meets the 5-9 year experience requirement (6 yrs); demonstrates retrieval/ranking expertise required by the JD; has the required expert-level Python."
CAND_0076163,70,0.6163,"Rank #70: Strong match for retrieval-focused AI engineering role. 7 years at Ola, Zoho building semantic search, ranking, or retrieval systems with Weaviate, LangChain, YOLO. Located in Chandigarh, Chandigarh, outside preferred cities. Behavioral signals: actively looking and open to work; high recruiter engagement (response rate 0.84); strong open-source activity (github score 84.6); high recruiter search visibility (219 appearances in 30d). JD fit: meets the 5-9 year experience requirement (7 yrs); demonstrates retrieval/ranking expertise required by the JD; has the required expert-level Python."
CAND_0094056,71,0.6152,"Rank #71: Strong match for retrieval-focused AI engineering role. 6 years at Rephrase.ai, Adobe building semantic search, ranking, or retrieval systems with MLflow, Pinecone, Milvus. Located in Chennai, Tamil Nadu, outside preferred cities. Behavioral signals: high recruiter engagement (response rate 0.82); willing to relocate; high recruiter search visibility (788 appearances in 30d). JD fit: meets the 5-9 year experience requirement (6 yrs); demonstrates retrieval/ranking expertise required by the JD."
CAND_0049538,72,0.6142,"Rank #72: Strong match for retrieval-focused AI engineering role. 6 years at Saarthi.ai, PolicyBazaar building semantic search, ranking, or retrieval systems with LlamaIndex, Feature Engineering, MLflow. Located in Jaipur, Rajasthan, outside preferred cities. Behavioral signals: strong open-source activity (github score 90.8); high recruiter search visibility (996 appearances in 30d). JD fit: meets the 5-9 year experience requirement (6 yrs); demonstrates retrieval/ranking expertise required by the JD."
CAND_0096142,73,0.6139,"Rank #73: Strong match for retrieval-focused AI engineering role. 5 years at upGrad, BYJU'S building semantic search, ranking, or retrieval systems with Kubeflow, LoRA, Weaviate. Behavioral signals: actively looking and open to work; high recruiter engagement (response rate 0.84); strong open-source activity (github score 80.5); high offer acceptance rate (0.82); high recruiter search visibility (715 appearances in 30d). JD fit: meets the 5-9 year experience requirement (5 yrs); demonstrates retrieval/ranking expertise required by the JD; has the required expert-level Python."
CAND_0030031,74,0.6127,"Rank #74: Strong match for retrieval-focused AI engineering role. 6 years at Microsoft, Amazon building semantic search, ranking, or retrieval systems with Information Retrieval, PyTorch, Object Detection. Located in Trivandrum, Kerala, outside preferred cities. Behavioral signals: high recruiter engagement (response rate 0.94); high recruiter search visibility (784 appearances in 30d). JD fit: meets the 5-9 year experience requirement (6 yrs); demonstrates retrieval/ranking expertise required by the JD; has the required expert-level Python."
CAND_0044855,75,0.6126,"Rank #75: Strong match for retrieval-focused AI engineering role. 7 years at Flipkart, LinkedIn building semantic search, ranking, or retrieval systems with Object Detection, Learning to Rank, Hugging Face Transformers. Located in Coimbatore, Tamil Nadu, outside preferred cities. Behavioral signals: willing to relocate; high recruiter search visibility (821 appearances in 30d). JD fit: meets the 5-9 year experience requirement (7 yrs); demonstrates retrieval/ranking expertise required by the JD."
CAND_0052682,76,0.6119,"Rank #76: Strong match for retrieval-focused AI engineering role. 7 years at Aganitha, Salesforce building semantic search, ranking, or retrieval systems with Statistical Modeling, QLoRA, Semantic Search. Located in Vizag, Andhra Pradesh, outside preferred cities. Behavioral signals: actively looking and open to work; high recruiter engagement (response rate 0.88); strong open-source activity (github score 72.4); high offer acceptance rate (0.85); high recruiter search visibility (850 appearances in 30d). JD fit: meets the 5-9 year experience requirement (7 yrs); demonstrates retrieval/ranking expertise required by the JD; has the required expert-level Python."
CAND_0024620,77,0.6105,"Rank #77: Strong match for retrieval-focused AI engineering role. 6 years at PharmEasy, Glance building semantic search, ranking, or retrieval systems with Statistical Modeling, Object Detection, Semantic Search. Located in New York, outside preferred cities. Behavioral signals: actively looking and open to work; willing to relocate; high recruiter search visibility (861 appearances in 30d). JD fit: meets the 5-9 year experience requirement (6 yrs); demonstrates retrieval/ranking expertise required by the JD; has the required expert-level Python."
CAND_0030468,78,0.6104,"Rank #78: Strong match for retrieval-focused AI engineering role. 5 years at Swiggy, CRED building semantic search, ranking, or retrieval systems with Information Retrieval Systems, Content Matching, Text Encoders. Located in Indore, Madhya Pradesh, outside preferred cities. Behavioral signals: actively looking and open to work; willing to relocate; high recruiter search visibility (148 appearances in 30d). JD fit: meets the 5-9 year experience requirement (5 yrs); demonstrates retrieval/ranking expertise required by the JD."
CAND_0041610,79,0.6099,"Rank #79: Strong match for retrieval-focused AI engineering role. 7 years at Observe.AI, InMobi building semantic search, ranking, or retrieval systems with OpenCV, LoRA, Statistical Modeling. Located in Indore, Madhya Pradesh, outside preferred cities. Behavioral signals: actively looking and open to work; willing to relocate; high recruiter search visibility (717 appearances in 30d). JD fit: meets the 5-9 year experience requirement (7 yrs); demonstrates retrieval/ranking expertise required by the JD."
CAND_0070202,80,0.607,"Rank #80: Strong match for retrieval-focused AI engineering role. 5 years at BYJU'S, Dream11 building semantic search, ranking, or retrieval systems with Microservices, Object Detection, OpenCV. Located in Jaipur, Rajasthan, outside preferred cities. Behavioral signals: high recruiter search visibility (450 appearances in 30d). JD fit: meets the 5-9 year experience requirement (5 yrs); demonstrates retrieval/ranking expertise required by the JD."
CAND_0069905,81,0.6069,"Rank #81: Strong match for retrieval-focused AI engineering role. 7 years at Sarvam AI, Nykaa building semantic search, ranking, or retrieval systems with Flask, Redux, LoRA. Located in Bhubaneswar, Odisha, outside preferred cities. Behavioral signals: actively looking and open to work; willing to relocate; high recruiter search visibility (315 appearances in 30d). JD fit: meets the 5-9 year experience requirement (7 yrs); demonstrates retrieval/ranking expertise required by the JD; has the required expert-level Python."
CAND_0074225,82,0.6064,"Rank #82: Strong match for retrieval-focused AI engineering role. 4 years at Unacademy, Mad Street Den building semantic search, ranking, or retrieval systems with Apache Beam, Statistical Modeling, Recommendation Systems. Located in Vizag, Andhra Pradesh, outside preferred cities. Behavioral signals: actively looking and open to work; high recruiter engagement (response rate 0.91); willing to relocate; high recruiter search visibility (654 appearances in 30d). JD fit: demonstrates retrieval/ranking expertise required by the JD; has the required expert-level Python."
CAND_0036184,83,0.604,"Rank #83: Strong match for retrieval-focused AI engineering role. 6 years at CRED, PolicyBazaar building semantic search, ranking, or retrieval systems with Image Classification, QLoRA, FAISS. Located in Trivandrum, Kerala, outside preferred cities. Behavioral signals: actively looking and open to work; high recruiter engagement (response rate 0.90); high recruiter search visibility (971 appearances in 30d). JD fit: meets the 5-9 year experience requirement (6 yrs); demonstrates retrieval/ranking expertise required by the JD."
CAND_0010149,84,0.6033,"Rank #84: Strong match for retrieval-focused AI engineering role. 7 years at InMobi, upGrad building semantic search, ranking, or retrieval systems with Computer Vision, Diffusion Models, Milvus. Behavioral signals: actively looking and open to work; high recruiter engagement (response rate 0.82); willing to relocate; high recruiter search visibility (441 appearances in 30d). JD fit: meets the 5-9 year experience requirement (7 yrs); demonstrates retrieval/ranking expertise required by the JD."
CAND_0084819,85,0.6028,"Rank #85: Strong match for retrieval-focused AI engineering role. 4 years at Dream11, Razorpay building semantic search, ranking, or retrieval systems with Semantic Search, BM25, MLOps. Located in Indore, Madhya Pradesh, outside preferred cities. Behavioral signals: actively looking and open to work; high recruiter search visibility (1056 appearances in 30d). JD fit: demonstrates retrieval/ranking expertise required by the JD."
CAND_0081686,86,0.6026,"Rank #86: Strong match for retrieval-focused AI engineering role. 6 years at Netflix, Niramai building semantic search, ranking, or retrieval systems with Machine Learning, Kubeflow, Embeddings. Located in Austin, outside preferred cities. Behavioral signals: high recruiter engagement (response rate 0.91); high recruiter search visibility (399 appearances in 30d). JD fit: meets the 5-9 year experience requirement (6 yrs); demonstrates retrieval/ranking expertise required by the JD; has the required expert-level Python."
CAND_0086151,87,0.6016,"Rank #87: Strong match for retrieval-focused AI engineering role. 8 years at Wysa, Glance building semantic search, ranking, or retrieval systems with Figma, LangChain, BentoML. Located in Vizag, Andhra Pradesh, outside preferred cities. Behavioral signals: actively looking and open to work; willing to relocate; high recruiter search visibility (432 appearances in 30d). JD fit: meets the 5-9 year experience requirement (8 yrs); demonstrates retrieval/ranking expertise required by the JD."
CAND_0095528,88,0.6006,"Rank #88: Strong match for retrieval-focused AI engineering role. 5 years at Netflix, Adobe building semantic search, ranking, or retrieval systems with Feature Engineering, OpenSearch, PyTorch. Located in Indore, Madhya Pradesh, outside preferred cities. Behavioral signals: actively looking and open to work. JD fit: meets the 5-9 year experience requirement (5 yrs); demonstrates retrieval/ranking expertise required by the JD; has the required expert-level Python."
CAND_0054123,89,0.6004,"Rank #89: Strong match for retrieval-focused AI engineering role. 5 years at Meta, CRED building semantic search, ranking, or retrieval systems with LangChain, pgvector, Python. Behavioral signals: high recruiter engagement (response rate 0.87); strong open-source activity (github score 71.5); high offer acceptance rate (0.83); high recruiter search visibility (147 appearances in 30d). JD fit: demonstrates retrieval/ranking expertise required by the JD; has the required expert-level Python."
CAND_0045250,90,0.6,"Rank #90: Strong match for retrieval-focused AI engineering role. 7 years at Rephrase.ai, Paytm building semantic search, ranking, or retrieval systems with Sentence Transformers, Milvus, LoRA. Behavioral signals: immediate availability (notice period 15 days); high recruiter search visibility (1005 appearances in 30d). JD fit: meets the 5-9 year experience requirement (7 yrs); demonstrates retrieval/ranking expertise required by the JD."
CAND_0053695,91,0.5998,"Rank #91: Strong match for retrieval-focused AI engineering role. 6 years at Meesho, Genpact AI building semantic search, ranking, or retrieval systems with MLOps, Apache Flink, GCP. Located in Bhubaneswar, Odisha, outside preferred cities. Behavioral signals: actively looking and open to work; immediate availability (notice period 15 days); high recruiter search visibility (742 appearances in 30d). JD fit: meets the 5-9 year experience requirement (6 yrs); demonstrates retrieval/ranking expertise required by the JD."
CAND_0007460,92,0.5979,"Rank #92: Strong match for retrieval-focused AI engineering role. 5 years at Salesforce building semantic search, ranking, or retrieval systems with LangChain, PEFT, Embeddings. Behavioral signals: actively looking and open to work; high offer acceptance rate (0.84); high recruiter search visibility (1047 appearances in 30d). JD fit: demonstrates retrieval/ranking expertise required by the JD."
CAND_0040887,93,0.5968,"Rank #93: Strong match for retrieval-focused AI engineering role. 5 years at Netflix, Unacademy building semantic search, ranking, or retrieval systems with Reinforcement Learning, Computer Vision, SEO. Located in Toronto, outside preferred cities. Behavioral signals: actively looking and open to work; high recruiter engagement (response rate 0.84); immediate availability (notice period 15 days); high offer acceptance rate (0.88); high recruiter search visibility (846 appearances in 30d). JD fit: demonstrates retrieval/ranking expertise required by the JD; has the required expert-level Python."
CAND_0005538,94,0.5964,"Rank #94: Strong match for retrieval-focused AI engineering role. 6 years at Locobuzz, Google building semantic search, ranking, or retrieval systems with Project Management, Vector Representations, Deep Learning. Located in Kolkata, West Bengal, outside preferred cities. Behavioral signals: actively looking and open to work; high recruiter engagement (response rate 0.81); high offer acceptance rate (0.81); high recruiter search visibility (1147 appearances in 30d). JD fit: meets the 5-9 year experience requirement (6 yrs); demonstrates retrieval/ranking expertise required by the JD; has the required expert-level Python."
CAND_0058688,95,0.596,"Rank #95: Strong match for retrieval-focused AI engineering role. 7 years at Vedantu, Apple building semantic search, ranking, or retrieval systems with OpenCV, CNN, scikit-learn. Located in Berlin, outside preferred cities. Behavioral signals: actively looking and open to work; immediate availability (notice period 15 days); willing to relocate. JD fit: meets the 5-9 year experience requirement (7 yrs); demonstrates retrieval/ranking expertise required by the JD."
CAND_0020708,96,0.5953,"Rank #96: Strong match for retrieval-focused AI engineering role. 4 years at PolicyBazaar building semantic search, ranking, or retrieval systems with Tally, NLP, Data Science. Located in Indore, Madhya Pradesh, outside preferred cities. Behavioral signals: actively looking and open to work; high recruiter engagement (response rate 0.84); strong open-source activity (github score 84.3). JD fit: demonstrates retrieval/ranking expertise required by the JD; has the required expert-level Python."
CAND_0099806,97,0.5953,"Rank #97: Strong match for retrieval-focused AI engineering role. 5 years at Mad Street Den, upGrad building semantic search, ranking, or retrieval systems with LoRA, OpenCV, Statistical Modeling. Located in Bhubaneswar, Odisha, outside preferred cities. Behavioral signals: actively looking and open to work; strong open-source activity (github score 86.9); willing to relocate; high recruiter search visibility (401 appearances in 30d). JD fit: demonstrates retrieval/ranking expertise required by the JD."
CAND_0010685,98,0.5949,"Rank #98: Strong match for retrieval-focused AI engineering role. 7 years at Microsoft, Mad Street Den building semantic search, ranking, or retrieval systems with Prompt Engineering, LlamaIndex, Deep Learning. Located in Kolkata, West Bengal, outside preferred cities. Behavioral signals: actively looking and open to work; high recruiter engagement (response rate 0.83); high recruiter search visibility (779 appearances in 30d). JD fit: meets the 5-9 year experience requirement (7 yrs); demonstrates retrieval/ranking expertise required by the JD."
CAND_0076251,99,0.5948,"Rank #99: Strong match for retrieval-focused AI engineering role. 8 years at Haptik, CRED building semantic search, ranking, or retrieval systems with Fine-tuning LLMs, Reinforcement Learning, Hugging Face Transformers. Located in Bhubaneswar, Odisha, outside preferred cities. Behavioral signals: actively looking and open to work; willing to relocate; high recruiter search visibility (237 appearances in 30d). JD fit: meets the 5-9 year experience requirement (8 yrs); demonstrates retrieval/ranking expertise required by the JD."
CAND_0000031,100,0.5946,"Rank #100: Strong match for retrieval-focused AI engineering role. 6 years at Mad Street Den, Uber building semantic search, ranking, or retrieval systems with Go, MLflow, FAISS. Behavioral signals: actively looking and open to work; high recruiter engagement (response rate 0.91); willing to relocate; high recruiter search visibility (778 appearances in 30d). JD fit: meets the 5-9 year experience requirement (6 yrs); demonstrates retrieval/ranking expertise required by the JD."
